x_center,y_center,mean_correction,count
1.0497619390195798,0.03346708099631702,1.9749757343071679,1
1.0497619390195798,0.05186009164099639,,0
1.0497619390195798,0.07025310228567577,1.7603502358254766,12
1.0497619390195798,0.08864611293035514,1.623204335518008,55
1.0497619390195798,0.10703912357503452,1.730613003509774,169
1.0497619390195798,0.1254321342197139,1.8033812987175888,186
1.0497619390195798,0.14382514486439324,1.719259604381612,155
1.0497619390195798,0.16221815550907265,1.6554791796630617,117
1.0497619390195798,0.180611166153752,1.5798562552417714,76
1.0497619390195798,0.1990041767984314,1.537985812400437,53
1.0497619390195798,0.21739718744311076,1.451983505736955,29
1.0497619390195798,0.23579019808779011,1.4173604347227824,21
1.0497619390195798,0.2541832087324695,1.367700118556698,12
1.0497619390195798,0.2725762193771489,1.2450208148692299,6
1.0497619390195798,0.2909692300218283,1.4272009541268178,3
1.0497619390195798,0.30936224066650764,1.2940447412324396,3
1.0497619390195798,0.327755251311187,,0
1.0497619390195798,0.34614826195586634,,0
1.0497619390195798,0.36454127260054575,,0
1.0497619390195798,0.38293428324522516,,0
1.1492858170587412,0.03346708099631702,,0
1.1492858170587412,0.05186009164099639,1.4336539730777242,2
1.1492858170587412,0.07025310228567577,1.7296179260327493,12
1.1492858170587412,0.08864611293035514,1.4307199409489342,30
1.1492858170587412,0.10703912357503452,1.528958773843343,69
1.1492858170587412,0.1254321342197139,1.545653499038754,59
1.1492858170587412,0.14382514486439324,1.4669400328470388,47
1.1492858170587412,0.16221815550907265,1.539006902592975,34
1.1492858170587412,0.180611166153752,1.3436538681967265,27
1.1492858170587412,0.1990041767984314,1.3307695514554312,18
1.1492858170587412,0.21739718744311076,1.2800425387254557,10
1.1492858170587412,0.23579019808779011,1.2786217414560075,7
1.1492858170587412,0.2541832087324695,1.3435731924916556,3
1.1492858170587412,0.2725762193771489,1.0801595669285353,1
1.1492858170587412,0.2909692300218283,1.270372188346502,1
1.1492858170587412,0.30936224066650764,,0
1.1492858170587412,0.327755251311187,,0
1.1492858170587412,0.34614826195586634,,0
1.1492858170587412,0.36454127260054575,,0
1.1492858170587412,0.38293428324522516,,0
1.2488096950979026,0.03346708099631702,2.1306524004797613,1
1.2488096950979026,0.05186009164099639,1.1339678588957978,2
1.2488096950979026,0.07025310228567577,1.4420214913235467,13
1.2488096950979026,0.08864611293035514,1.3798347357326326,34
1.2488096950979026,0.10703912357503452,1.3830317893712187,51
1.2488096950979026,0.1254321342197139,1.386587147446016,44
1.2488096950979026,0.14382514486439324,1.3493112440421273,41
1.2488096950979026,0.16221815550907265,1.2867271075805808,25
1.2488096950979026,0.180611166153752,1.3680487558576135,31
1.2488096950979026,0.1990041767984314,1.353503554490009,13
1.2488096950979026,0.21739718744311076,1.4007444354081713,10
1.2488096950979026,0.23579019808779011,1.3504493444704884,10
1.2488096950979026,0.2541832087324695,1.103901386670492,1
1.2488096950979026,0.2725762193771489,1.1630854776795272,4
1.2488096950979026,0.2909692300218283,1.1388615996055627,2
1.2488096950979026,0.30936224066650764,1.1244175376731238,1
1.2488096950979026,0.327755251311187,,0
1.2488096950979026,0.34614826195586634,,0
1.2488096950979026,0.36454127260054575,,0
1.2488096950979026,0.38293428324522516,,0
1.348333573137064,0.03346708099631702,2.11803079064979,1
1.348333573137064,0.05186009164099639,1.4663381359686407,4
1.348333573137064,0.07025310228567577,1.4252156687420054,14
1.348333573137064,0.08864611293035514,1.3423415846780917,23
1.348333573137064,0.10703912357503452,1.4418296802641362,50
1.348333573137064,0.1254321342197139,1.3632667521143547,42
1.348333573137064,0.14382514486439324,1.2417971622480908,21
1.348333573137064,0.16221815550907265,1.4353713495708667,29
1.348333573137064,0.180611166153752,1.1678041494975455,16
1.348333573137064,0.1990041767984314,1.3944322821245803,8
1.348333573137064,0.21739718744311076,1.2128607743624416,7
1.348333573137064,0.23579019808779011,1.2957130072202143,5
1.348333573137064,0.2541832087324695,1.183647161137344,8
1.348333573137064,0.2725762193771489,1.4279090687874236,3
1.348333573137064,0.2909692300218283,1.0762824629499768,1
1.348333573137064,0.30936224066650764,1.6079973646412293,1
1.348333573137064,0.327755251311187,,0
1.348333573137064,0.34614826195586634,,0
1.348333573137064,0.36454127260054575,0.9966000768311235,1
1.348333573137064,0.38293428324522516,,0
1.4478574511762254,0.03346708099631702,1.9661716680941865,1
1.4478574511762254,0.05186009164099639,1.4717157927382591,2
1.4478574511762254,0.07025310228567577,1.5805877506510713,7
1.4478574511762254,0.08864611293035514,1.3221222073795225,36
1.4478574511762254,0.10703912357503452,1.308617123458264,46
1.4478574511762254,0.1254321342197139,1.3243557652650972,31
1.4478574511762254,0.14382514486439324,1.2915156242399488,18
1.4478574511762254,0.16221815550907265,1.2859415362649513,21
1.4478574511762254,0.180611166153752,1.2722260576083952,9
1.4478574511762254,0.1990041767984314,1.2420684033538583,13
1.4478574511762254,0.21739718744311076,1.2528371059215642,8
1.4478574511762254,0.23579019808779011,1.2663320919256722,8
1.4478574511762254,0.2541832087324695,1.101698752532987,5
1.4478574511762254,0.2725762193771489,1.1380809495514612,3
1.4478574511762254,0.2909692300218283,1.1024740387072665,2
1.4478574511762254,0.30936224066650764,,0
1.4478574511762254,0.327755251311187,,0
1.4478574511762254,0.34614826195586634,,0
1.4478574511762254,0.36454127260054575,,0
1.4478574511762254,0.38293428324522516,,0
1.5473813292153868,0.03346708099631702,,0
1.5473813292153868,0.05186009164099639,,0
1.5473813292153868,0.07025310228567577,1.3892937091323263,7
1.5473813292153868,0.08864611293035514,1.2649111616760618,35
1.5473813292153868,0.10703912357503452,1.3259928685580789,43
1.5473813292153868,0.1254321342197139,1.3079751560147936,29
1.5473813292153868,0.14382514486439324,1.2512418108723744,22
1.5473813292153868,0.16221815550907265,1.24661159823357,26
1.5473813292153868,0.180611166153752,1.384048543700266,4
1.5473813292153868,0.1990041767984314,1.3737905732474278,11
1.5473813292153868,0.21739718744311076,1.2092102831080238,3
1.5473813292153868,0.23579019808779011,1.2306277146453082,3
1.5473813292153868,0.2541832087324695,1.138371209529305,3
1.5473813292153868,0.2725762193771489,1.084041566608941,3
1.5473813292153868,0.2909692300218283,,0
1.5473813292153868,0.30936224066650764,,0
1.5473813292153868,0.327755251311187,,0
1.5473813292153868,0.34614826195586634,,0
1.5473813292153868,0.36454127260054575,,0
1.5473813292153868,0.38293428324522516,,0
1.6469052072545483,0.03346708099631702,1.8485906989647514,1
1.6469052072545483,0.05186009164099639,1.5766714654559004,4
1.6469052072545483,0.07025310228567577,1.497559374218881,10
1.6469052072545483,0.08864611293035514,1.3525112096777787,31
1.6469052072545483,0.10703912357503452,1.4022128041165367,38
1.6469052072545483,0.1254321342197139,1.1974497444923897,24
1.6469052072545483,0.14382514486439324,1.217755908217673,21
1.6469052072545483,0.16221815550907265,1.1783063557991267,20
1.6469052072545483,0.180611166153752,1.1718963665208884,13
1.6469052072545483,0.1990041767984314,1.2894073023833075,10
1.6469052072545483,0.21739718744311076,1.2179223594807018,4
1.6469052072545483,0.23579019808779011,1.2072307214675693,1
1.6469052072545483,0.2541832087324695,1.1346749658657942,2
1.6469052072545483,0.2725762193771489,,0
1.6469052072545483,0.2909692300218283,0.9125281400725871,2
1.6469052072545483,0.30936224066650764,1.1322354980781582,1
1.6469052072545483,0.327755251311187,,0
1.6469052072545483,0.34614826195586634,1.0080255684497021,1
1.6469052072545483,0.36454127260054575,,0
1.6469052072545483,0.38293428324522516,,0
1.7464290852937097,0.03346708099631702,1.648688152940125,2
1.7464290852937097,0.05186009164099639,1.2060411523553336,3
1.7464290852937097,0.07025310228567577,1.4177856443500194,10
1.7464290852937097,0.08864611293035514,1.4168100394785932,31
1.7464290852937097,0.10703912357503452,1.328842664806078,40
1.7464290852937097,0.1254321342197139,1.2483426834888158,22
1.7464290852937097,0.14382514486439324,1.2055643557483213,23
1.7464290852937097,0.16221815550907265,1.2810393891672405,17
1.7464290852937097,0.180611166153752,1.3620448527531894,17
1.7464290852937097,0.1990041767984314,1.1967587862073135,8
1.7464290852937097,0.21739718744311076,1.4722554789495674,2
1.7464290852937097,0.23579019808779011,1.2350469659975314,2
1.7464290852937097,0.2541832087324695,1.2789212182606238,5
1.7464290852937097,0.2725762193771489,1.2560824495055851,3
1.7464290852937097,0.2909692300218283,1.046032446102692,1
1.7464290852937097,0.30936224066650764,0.9913360699786883,1
1.7464290852937097,0.327755251311187,,0
1.7464290852937097,0.34614826195586634,,0
1.7464290852937097,0.36454127260054575,,0
1.7464290852937097,0.38293428324522516,,0
1.845952963332871,0.03346708099631702,,0
1.845952963332871,0.05186009164099639,1.5558265654647343,3
1.845952963332871,0.07025310228567577,1.537865537394804,11
1.845952963332871,0.08864611293035514,1.39349766784216,33
1.845952963332871,0.10703912357503452,1.2136126340157933,37
1.845952963332871,0.1254321342197139,1.2607575124968131,28
1.845952963332871,0.14382514486439324,1.0825094008006002,26
1.845952963332871,0.16221815550907265,1.1181694277680567,12
1.845952963332871,0.180611166153752,1.1304165304146945,15
1.845952963332871,0.1990041767984314,0.960128837638662,7
1.845952963332871,0.21739718744311076,1.0580112150714343,7
1.845952963332871,0.23579019808779011,1.1466739966003088,2
1.845952963332871,0.2541832087324695,0.9986523247392465,1
1.845952963332871,0.2725762193771489,0.9781969856692108,2
1.845952963332871,0.2909692300218283,,0
1.845952963332871,0.30936224066650764,1.01271987231762,1
1.845952963332871,0.327755251311187,,0
1.845952963332871,0.34614826195586634,,0
1.845952963332871,0.36454127260054575,,0
1.845952963332871,0.38293428324522516,,0
1.9454768413720325,0.03346708099631702,2.0921995767765065,2
1.9454768413720325,0.05186009164099639,1.4369889513069203,4
1.9454768413720325,0.07025310228567577,1.4087994025387531,16
1.9454768413720325,0.08864611293035514,1.2536497933609638,51
1.9454768413720325,0.10703912357503452,1.252358222810662,51
1.9454768413720325,0.1254321342197139,1.219378933578105,30
1.9454768413720325,0.14382514486439324,1.1661328140216098,25
1.9454768413720325,0.16221815550907265,1.154310203339668,22
1.9454768413720325,0.180611166153752,1.1038949761805557,12
1.9454768413720325,0.1990041767984314,1.066293075005472,13
1.9454768413720325,0.21739718744311076,1.014848725460749,9
1.9454768413720325,0.23579019808779011,1.2060703793684544,3
1.9454768413720325,0.2541832087324695,1.1749114407936596,4
1.9454768413720325,0.2725762193771489,1.2255470778459614,3
1.9454768413720325,0.2909692300218283,,0
1.9454768413720325,0.30936224066650764,,0
1.9454768413720325,0.327755251311187,1.135049982781957,1
1.9454768413720325,0.34614826195586634,,0
1.9454768413720325,0.36454127260054575,,0
1.9454768413720325,0.38293428324522516,,0
2.0450007194111937,0.03346708099631702,1.75768835594745,3
2.0450007194111937,0.05186009164099639,1.7446680695451975,4
2.0450007194111937,0.07025310228567577,1.470985885256552,21
2.0450007194111937,0.08864611293035514,1.2968292153917547,29
2.0450007194111937,0.10703912357503452,1.2544117203238716,35
2.0450007194111937,0.1254321342197139,1.14561568997966,30
2.0450007194111937,0.14382514486439324,1.0333527909215638,12
2.0450007194111937,0.16221815550907265,1.1644446697680981,27
2.0450007194111937,0.180611166153752,1.1627137023604317,8
2.0450007194111937,0.1990041767984314,1.1567240204025464,5
2.0450007194111937,0.21739718744311076,1.078367004474121,7
2.0450007194111937,0.23579019808779011,0.9176430950454192,2
2.0450007194111937,0.2541832087324695,1.0885586693818934,2
2.0450007194111937,0.2725762193771489,0.95056345541799,2
2.0450007194111937,0.2909692300218283,1.0793429670861276,1
2.0450007194111937,0.30936224066650764,,0
2.0450007194111937,0.327755251311187,,0
2.0450007194111937,0.34614826195586634,,0
2.0450007194111937,0.36454127260054575,,0
2.0450007194111937,0.38293428324522516,,0
2.1445245974503555,0.03346708099631702,,0
2.1445245974503555,0.05186009164099639,1.5051287597007574,5
2.1445245974503555,0.07025310228567577,1.5135643256472078,10
2.1445245974503555,0.08864611293035514,1.3467646798119894,17
2.1445245974503555,0.10703912357503452,1.2488208536485499,14
2.1445245974503555,0.1254321342197139,1.0803422114486638,9
2.1445245974503555,0.14382514486439324,1.0671670234417734,15
2.1445245974503555,0.16221815550907265,1.1092049002589457,11
2.1445245974503555,0.180611166153752,1.2559764083168417,4
2.1445245974503555,0.1990041767984314,1.0812125199408238,6
2.1445245974503555,0.21739718744311076,1.1656788296100495,1
2.1445245974503555,0.23579019808779011,0.8995833713696921,2
2.1445245974503555,0.2541832087324695,1.247133913344457,1
2.1445245974503555,0.2725762193771489,1.140127339149524,3
2.1445245974503555,0.2909692300218283,,0
2.1445245974503555,0.30936224066650764,,0
2.1445245974503555,0.327755251311187,,0
2.1445245974503555,0.34614826195586634,,0
2.1445245974503555,0.36454127260054575,,0
2.1445245974503555,0.38293428324522516,,0
2.2440484754895165,0.03346708099631702,,0
2.2440484754895165,0.05186009164099639,1.5347471030442996,6
2.2440484754895165,0.07025310228567577,1.4129119231062128,8
2.2440484754895165,0.08864611293035514,1.3343299510255036,15
2.2440484754895165,0.10703912357503452,1.3538679513272633,18
2.2440484754895165,0.1254321342197139,1.1888151333858699,13
2.2440484754895165,0.14382514486439324,1.0578621334609872,8
2.2440484754895165,0.16221815550907265,1.2028177682264682,6
2.2440484754895165,0.180611166153752,1.2848769850574335,4
2.2440484754895165,0.1990041767984314,0.7254742383573104,1
2.2440484754895165,0.21739718744311076,,0
2.2440484754895165,0.23579019808779011,,0
2.2440484754895165,0.2541832087324695,,0
2.2440484754895165,0.2725762193771489,1.0172626141709227,2
2.2440484754895165,0.2909692300218283,,0
2.2440484754895165,0.30936224066650764,,0
2.2440484754895165,0.327755251311187,1.0222222579427525,1
2.2440484754895165,0.34614826195586634,,0
2.2440484754895165,0.36454127260054575,,0
2.2440484754895165,0.38293428324522516,,0
2.3435723535286783,0.03346708099631702,,0
2.3435723535286783,0.05186009164099639,1.218056761934608,2
2.3435723535286783,0.07025310228567577,1.4698952623034311,4
2.3435723535286783,0.08864611293035514,1.3885449531644087,4
2.3435723535286783,0.10703912357503452,1.3129025222728274,7
2.3435723535286783,0.1254321342197139,1.153860642287043,9
2.3435723535286783,0.14382514486439324,1.1828885818703443,6
2.3435723535286783,0.16221815550907265,1.068960161863319,7
2.3435723535286783,0.180611166153752,0.9343399830697651,2
2.3435723535286783,0.1990041767984314,1.2337049231383086,2
2.3435723535286783,0.21739718744311076,0.9351796825995174,1
2.3435723535286783,0.23579019808779011,0.7633587447185348,1
2.3435723535286783,0.2541832087324695,,0
2.3435723535286783,0.2725762193771489,,0
2.3435723535286783,0.2909692300218283,,0
2.3435723535286783,0.30936224066650764,1.1010615250079572,1
2.3435723535286783,0.327755251311187,,0
2.3435723535286783,0.34614826195586634,,0
2.3435723535286783,0.36454127260054575,,0
2.3435723535286783,0.38293428324522516,,0
2.4430962315678393,0.03346708099631702,,0
2.4430962315678393,0.05186009164099639,1.7308796542786717,4
2.4430962315678393,0.07025310228567577,1.3271261015276614,1
2.4430962315678393,0.08864611293035514,1.2738555237603177,6
2.4430962315678393,0.10703912357503452,1.2276227210345008,6
2.4430962315678393,0.1254321342197139,1.2420120008684064,3
2.4430962315678393,0.14382514486439324,0.9018409516108586,3
2.4430962315678393,0.16221815550907265,1.317406267391907,1
2.4430962315678393,0.180611166153752,1.2993890212656007,3
2.4430962315678393,0.1990041767984314,1.489519848953554,1
2.4430962315678393,0.21739718744311076,1.2172493213689008,1
2.4430962315678393,0.23579019808779011,0.6775025480737719,1
2.4430962315678393,0.2541832087324695,,0
2.4430962315678393,0.2725762193771489,,0
2.4430962315678393,0.2909692300218283,,0
2.4430962315678393,0.30936224066650764,,0
2.4430962315678393,0.327755251311187,,0
2.4430962315678393,0.34614826195586634,,0
2.4430962315678393,0.36454127260054575,,0
2.4430962315678393,0.38293428324522516,,0
2.542620109607001,0.03346708099631702,1.9494100359268367,1
2.542620109607001,0.05186009164099639,1.452847729365325,4
2.542620109607001,0.07025310228567577,1.197943111327326,2
2.542620109607001,0.08864611293035514,1.3947014723877516,4
2.542620109607001,0.10703912357503452,1.3988686664505614,6
2.542620109607001,0.1254321342197139,1.2726685129323627,2
2.542620109607001,0.14382514486439324,0.8907395402574023,3
2.542620109607001,0.16221815550907265,1.2565904505430794,4
2.542620109607001,0.180611166153752,1.3040155083991753,4
2.542620109607001,0.1990041767984314,0.95283793957455,3
2.542620109607001,0.21739718744311076,1.0577016887508082,2
2.542620109607001,0.23579019808779011,,0
2.542620109607001,0.2541832087324695,,0
2.542620109607001,0.2725762193771489,,0
2.542620109607001,0.2909692300218283,,0
2.542620109607001,0.30936224066650764,,0
2.542620109607001,0.327755251311187,,0
2.542620109607001,0.34614826195586634,,0
2.542620109607001,0.36454127260054575,,0
2.542620109607001,0.38293428324522516,,0
2.642143987646162,0.03346708099631702,,0
2.642143987646162,0.05186009164099639,1.4011302135554051,1
2.642143987646162,0.07025310228567577,1.440595056075303,5
2.642143987646162,0.08864611293035514,1.3400978532492378,6
2.642143987646162,0.10703912357503452,1.1910334600492345,7
2.642143987646162,0.1254321342197139,0.9792539748282811,2
2.642143987646162,0.14382514486439324,0.9755105111397481,1
2.642143987646162,0.16221815550907265,1.0371556842651146,5
2.642143987646162,0.180611166153752,1.3238185146020747,1
2.642143987646162,0.1990041767984314,0.7708523365797014,1
2.642143987646162,0.21739718744311076,,0
2.642143987646162,0.23579019808779011,,0
2.642143987646162,0.2541832087324695,,0
2.642143987646162,0.2725762193771489,,0
2.642143987646162,0.2909692300218283,,0
2.642143987646162,0.30936224066650764,,0
2.642143987646162,0.327755251311187,,0
2.642143987646162,0.34614826195586634,,0
2.642143987646162,0.36454127260054575,,0
2.642143987646162,0.38293428324522516,,0
2.741667865685324,0.03346708099631702,,0
2.741667865685324,0.05186009164099639,1.0304209299116482,1
2.741667865685324,0.07025310228567577,1.4626194378771118,2
2.741667865685324,0.08864611293035514,1.2021798128982557,4
2.741667865685324,0.10703912357503452,1.1956846626100395,3
2.741667865685324,0.1254321342197139,1.0489181083118944,1
2.741667865685324,0.14382514486439324,,0
2.741667865685324,0.16221815550907265,,0
2.741667865685324,0.180611166153752,0.9466726462963215,4
2.741667865685324,0.1990041767984314,,0
2.741667865685324,0.21739718744311076,,0
2.741667865685324,0.23579019808779011,1.0470171897981464,2
2.741667865685324,0.2541832087324695,,0
2.741667865685324,0.2725762193771489,,0
2.741667865685324,0.2909692300218283,,0
2.741667865685324,0.30936224066650764,,0
2.741667865685324,0.327755251311187,,0
2.741667865685324,0.34614826195586634,,0
2.741667865685324,0.36454127260054575,,0
2.741667865685324,0.38293428324522516,,0
2.841191743724485,0.03346708099631702,,0
2.841191743724485,0.05186009164099639,,0
2.841191743724485,0.07025310228567577,1.3935288634814682,4
2.841191743724485,0.08864611293035514,0.8621719218378113,1
2.841191743724485,0.10703912357503452,0.9930087240082173,2
2.841191743724485,0.1254321342197139,1.9522087108451254,1
2.841191743724485,0.14382514486439324,0.9705167447411128,3
2.841191743724485,0.16221815550907265,1.1465643567962718,1
2.841191743724485,0.180611166153752,,0
2.841191743724485,0.1990041767984314,0.785364926481932,1
2.841191743724485,0.21739718744311076,,0
2.841191743724485,0.23579019808779011,,0
2.841191743724485,0.2541832087324695,,0
2.841191743724485,0.2725762193771489,,0
2.841191743724485,0.2909692300218283,,0
2.841191743724485,0.30936224066650764,,0
2.841191743724485,0.327755251311187,,0
2.841191743724485,0.34614826195586634,,0
2.841191743724485,0.36454127260054575,,0
2.841191743724485,0.38293428324522516,,0
2.9407156217636468,0.03346708099631702,,0
2.9407156217636468,0.05186009164099639,1.164853589385437,1
2.9407156217636468,0.07025310228567577,,0
2.9407156217636468,0.08864611293035514,1.2781498424183062,2
2.9407156217636468,0.10703912357503452,1.1968174718677191,10
2.9407156217636468,0.1254321342197139,0.8918254134410009,4
2.9407156217636468,0.14382514486439324,1.0100951233741442,2
2.9407156217636468,0.16221815550907265,1.1136091332098057,2
2.9407156217636468,0.180611166153752,1.3985100861809434,2
2.9407156217636468,0.1990041767984314,,0
2.9407156217636468,0.21739718744311076,,0
2.9407156217636468,0.23579019808779011,1.3148468271580702,1
2.9407156217636468,0.2541832087324695,1.317883531892718,1
2.9407156217636468,0.2725762193771489,,0
2.9407156217636468,0.2909692300218283,,0
2.9407156217636468,0.30936224066650764,,0
2.9407156217636468,0.327755251311187,,0
2.9407156217636468,0.34614826195586634,,0
2.9407156217636468,0.36454127260054575,,0
2.9407156217636468,0.38293428324522516,,0
